,ISP,IAT,NSP
ISP,1.0,-0.23768923101559847,-0.3410457493029388
IAT,-0.23768923101559847,0.9999999999999999,0.40621244871849277
NSP,-0.3410457493029388,0.40621244871849277,1.0000000000000002
